late_halo_id,late_row,late_N,late_pid_count,early_halo_id,early_row,early_N,early_pid_count,shared_pid_count,late_pid_overlap,early_pid_overlap,delta_N,relative_delta_N,period1_distance,match_scope,match_status,global_progenitor_certified
26000000,2,603,14,26003000,3,578,15,12,0.8571428571428571,0.8,25,0.04325259515570934,0.00011463317548009135,EARLY_FIRST_100000_ROWS_N_GE_50,SINGLE_QUALIFYING_WITHIN_TESTED_SCOPE,False
32000000,6,157,5,32000000,7,159,6,5,1.0,0.8333333333333334,-2,-0.012578616352201259,9.232271254968413e-05,EARLY_FIRST_100000_ROWS_N_GE_50,SINGLE_QUALIFYING_WITHIN_TESTED_SCOPE,False
177005000,17,303,13,10177000000,207,260,9,9,0.6923076923076923,1.0,43,0.16538461538461538,0.00011647320285985718,EARLY_FIRST_100000_ROWS_N_GE_50,SINGLE_QUALIFYING_WITHIN_TESTED_SCOPE,False
206000000,22,482,16,206000000,22,478,15,15,0.9375,1.0,4,0.008368200836820083,9.667704801377289e-05,EARLY_FIRST_100000_ROWS_N_GE_50,SINGLE_QUALIFYING_WITHIN_TESTED_SCOPE,False
261000000,27,1438,44,17000260002000,231737,1443,48,42,0.9545454545454546,0.875,-5,-0.003465003465003465,0.00012788668602260064,SPATIAL_RADIUS_0.001_ALL_EARLY_SUPERSLAB_000_N_GE_50,SINGLE_QUALIFYING_WITHIN_TESTED_SCOPE,False
261001000,29,356,10,10261000000,215,358,9,9,0.9,1.0,-2,-0.00558659217877095,9.848503341201289e-05,EARLY_FIRST_100000_ROWS_N_GE_50,SINGLE_QUALIFYING_WITHIN_TESTED_SCOPE,False
264000000,30,899,26,264000000,26,882,29,25,0.9615384615384616,0.8620689655172413,17,0.01927437641723356,9.429810371247758e-05,EARLY_FIRST_100000_ROWS_N_GE_50,SINGLE_QUALIFYING_WITHIN_TESTED_SCOPE,False
283000000,32,2925,89,283000000,29,2930,86,77,0.8651685393258427,0.8953488372093024,-5,-0.0017064846416382253,0.00018251559776065387,EARLY_FIRST_100000_ROWS_N_GE_50,SINGLE_QUALIFYING_WITHIN_TESTED_SCOPE,False
283000001,33,1257,39,117000283000000,464278,1181,37,35,0.8974358974358975,0.9459459459459459,76,0.06435224386113463,0.00018275274954758454,SPATIAL_RADIUS_0.001_ALL_EARLY_SUPERSLAB_000_N_GE_50,SINGLE_QUALIFYING_WITHIN_TESTED_SCOPE,False
286001000,37,1010,26,17000286000000,231743,979,27,23,0.8846153846153846,0.8518518518518519,31,0.031664964249233915,0.0001358363667627366,SPATIAL_RADIUS_0.001_ALL_EARLY_SUPERSLAB_000_N_GE_50,SINGLE_QUALIFYING_WITHIN_TESTED_SCOPE,False
286001001,38,343,10,285004000,34,317,8,8,0.8,1.0,26,0.08201892744479496,0.0001484378437476241,EARLY_FIRST_100000_ROWS_N_GE_50,SINGLE_QUALIFYING_WITHIN_TESTED_SCOPE,False
289000000,39,1547,49,289003000,37,1591,51,43,0.8775510204081632,0.8431372549019608,-44,-0.02765556253928347,0.0001191185479212231,EARLY_FIRST_100000_ROWS_N_GE_50,SINGLE_QUALIFYING_WITHIN_TESTED_SCOPE,False
290003000,41,410,11,289000000,36,398,13,11,1.0,0.8461538461538461,12,0.03015075376884422,0.00017924938725357714,EARLY_FIRST_100000_ROWS_N_GE_50,SINGLE_QUALIFYING_WITHIN_TESTED_SCOPE,False
293000000,43,157,11,293000000,40,149,10,10,0.9090909090909091,1.0,8,0.053691275167785234,0.00010790138973747281,EARLY_FIRST_100000_ROWS_N_GE_50,SINGLE_QUALIFYING_WITHIN_TESTED_SCOPE,False
304001000,46,381,11,304002000,45,356,10,10,0.9090909090909091,1.0,25,0.0702247191011236,0.0001368783843740938,EARLY_FIRST_100000_ROWS_N_GE_50,SINGLE_QUALIFYING_WITHIN_TESTED_SCOPE,False
305003000,47,245,19,305001000,47,226,17,17,0.8947368421052632,1.0,19,0.084070796460177,0.00014137274367030748,EARLY_FIRST_100000_ROWS_N_GE_50,SINGLE_QUALIFYING_WITHIN_TESTED_SCOPE,False
327000000,50,917,25,327000000,49,923,25,24,0.96,0.96,-6,-0.0065005417118093175,9.46588708671195e-05,EARLY_FIRST_100000_ROWS_N_GE_50,SINGLE_QUALIFYING_WITHIN_TESTED_SCOPE,False
328000000,52,220,7,328000000,51,206,7,7,1.0,1.0,14,0.06796116504854369,9.597946079802919e-05,EARLY_FIRST_100000_ROWS_N_GE_50,SINGLE_QUALIFYING_WITHIN_TESTED_SCOPE,False
373000000,60,352,15,373004000,58,345,16,15,1.0,0.9375,7,0.020289855072463767,6.9226182641528e-05,EARLY_FIRST_100000_ROWS_N_GE_50,SINGLE_QUALIFYING_WITHIN_TESTED_SCOPE,False
375000000,61,504,18,375001000,59,485,17,17,0.9444444444444444,1.0,19,0.03917525773195876,0.00010899775185383456,EARLY_FIRST_100000_ROWS_N_GE_50,SINGLE_QUALIFYING_WITHIN_TESTED_SCOPE,False
